1,0,Metamorphosiss - iBertoli,"calisthenics, motivation, fyp",laura.crossfitness,26000
1,1,original sound - Ray William Johnson,"reunificationcamp, reunificationtherapy, reunification, california, wildernesstherapy",realraywilliam,60400
1,2,original sound - Tsol23,"fyp, 6ix9nine, polog, ynwmelly, nlechoppa, lilwayne, blueface",tsol.23,44700
1,3,sonido original - halo,"diamantblazi, seckoff, bball, basketball, fyp, dance, gamewin, gameday, viral, foryou, trend, floridabasketball, florida, usa, usabasketball, trio, dunk, sportstiktok",diamantblazi,65400
1,4,original sound - Goodlin Siblings,"dogsoftiktok, rescuedog, fosterdogs",thegoodhype,1100000
1,5,som original - †Breno,"gym, gymtok, workout, foryou, fyp, gymgirl, trending, fitness, tallgymgirl, legday, cardio",jesssbueti,239800
1,6,original sound - 👑♬ PROMOTER ♬👑,"film, movie, teleplay, isubupromoter, isubpromoter",isubupromoter,87100
1,7,original sound - CFN Cabbage,"fyp, xybca, cfn, mammoo, thatoneperson",bigcabbage56,937600
1,8,original sound - 💗,"fyp, fyp%E3%82%B7, fyp%E3%82%B7%E3%82%9Aviral, tsquad, tommytgeclownedits%F0%9F%96%A4%F0%9F%8E%B6%F0%9F%92%83, tommytheclownn, xyzbca, tsquadbelit, blowup, viral, justyce, justycebailey%F0%9F%A4%9E%F0%9F%8F%BD%F0%9F%92%95, justycetommytheclown, soraya, sorayatommytheclownn, lilbosslady, lilbossladytommytheclown, blossom, blossomtommytheclow, leelee, mora",tsquadbelit2.0,3040
1,9,original sound - Jstar_balla,"@jayklickin, e4n, jstarballa, jayklickin, ddosama, fyp",jstarballa_,159900
1,10,Horror atmosphere piano & SE. - Kohrogi,"scary, ghost, mystery, horror, paranormal, fyp, foryou, viralvideo, trending, viraltiktok, trend, viral, fpy",betausa89,5843
2,0,original sound - Truka,foryou,baro714,176400
2,1,original sound - (≧◡≦) ♡scxene k1ddo☮︎︎❤︎︎,"fyp, yanderesimulator, ayano, ryoba, freeclip, clip, yanderechan",rainsclip,32500
2,2,Originalton - Meme Hub,"meme, memes, memeindonesia, funnymeme, memedaily, ngakakceriah, reels, reelsinstagram, fyp, random, trending, viral, lucu, ngakak, kocak, dagelan, repost, tiktok, funny, funnyvideos",therealmemehub.fr0,301900
2,3,Frontier - xige12138,,kellywakas,353900
2,4,original sound - Viskint,"@rizz.app, rizz, textingstory, texting",viskint,20400
2,5,original sound - niah <3,"fyp, viral, dmv, twins",luhhmatt_,302200
2,6,sonido original - jahseh onfroy.😻,"%E2%98%A0%EF%B8%8F, llj%F0%9F%92%94%F0%9F%95%8A, contenido, viral, xxtentacion, paratii, xxtentacion, llj%F0%9F%92%94%F0%9F%95%8A, viral, paratii, xxtentacion, llj%F0%9F%92%94%F0%9F%95%8A, jahsehonfroy",yasmn.rios_j.onfroy,83400
2,7,RAHHHH (sped up) - alt!,"sprinter, fyp, capcut",kennyleger,4225
2,8,original sound - our fav ig stars❤️,"@xximanicepersonxx, 2017, monty, betteroffalone, dubsmash, memories",dubsmashrewinds,16300
2,9,Never Lose Me - Flo Milli,,.jxrttt,6888
2,10,original sound - z✰e,"fypage, fyp%E3%82%B7, vsgrazry, fyppp, youngboy, yb, baltimoretok, dmv, fyppppppppppppppppppppppp, fyp, nlechoppa, walkemdowm, playwithlife, fyp",vsgrazry,105300
2,11,son original - emo_wow😈,"@ajiboska, bs2, bs, bronxside2, robloxhoodgame, roblox, robloxgang, robloxbronx, robloxbronxrp",emo_wow,8700
2,12,original sound - Bobo,,.13obo,629600
2,13,original sound - CheezaAfrikanaDancekids,"rootofhopeafrica, goldenangelsinternational, tenge, trending",rootofhopeafrica,258200
2,14,original sound - Barstool Sports,@patbevpod,barstoolsports,3900000
2,15,sonido original - XXXTENTACION,"xxxtentacion, xxxtentacion, xxxtentacion, changes, edits, llj%F0%9F%92%94%F0%9F%95%8A, short, apoyo",xxtentacion1007,27900
2,16,son original - NODDI,"ddosama, responsevideo, ddosamaedit, nottiosama, forever14, backtoback, nydrill, fyp, fy, foryoupage, bronx, bronxdrill, nyc, ddosama, ddosamaedit, lyricedits, ddosamamusic, blowthisup, diss, ripnottiosama, fyp, 4u, trending, viralvideo, viraltiktok, blowthisup, goviral",noddi_edits,1723
2,17,Gucci Flip Flops - user73494582901,"fyp%E3%82%B7, arie%F0%9F%92%95, viral, viraltiktok, prettygirl, mixedgirl, relatable, girls, gucciflipflops, bhadbhabie, tiktokdance",yafavafrolatina_,533300
2,18,"Spooky, quiet, scary atmosphere piano songs - Skittlegirl Sound","fy, actor, hollywood, deep, crazy, viral",johnamonreal,41200
2,19,original sound - Bader Al Safar,"baderalsafar, food, foodasmr, foodlover, asmr, mukbang, asmreating, asmrfood, asmrsounds, asmrvideo, eat, eating, eatingasmr, eatingshow, eatingsounds, foodsounds, foodlover, yummy, yummyfood, asmrsound, asmrtriggers, satisfying, satisfyingvideo, satisfyingsounds, satisfyingsound, satisfying, challenge, eatingchallenge, iphone",baderalsafar,41900
2,20,original sound - H&T Official,,official_mxico,44300
2,21,Transgender - Crystal Castles,,jumpersthe0ries,73100
2,22,original sound - Sindy,"@maytevalenzuelaflores, ccsindy, fypp, subwaysurf, fuerza, xavi, freefire, espa%C3%B1ol, chidos, california, hispanos",sindy_17k,3066
2,23,Old Time Rock and Roll - Bob Seger and the Silver Bullet Band Tribute - Sam Morrison and Turn The Page,,livforpasta,103900
2,24,original sound - Da streets 360,"clappingwithouthands, streetwalker, dancing, foryoupage",dastreets360,2077
2,25,original sound - 👸🏽,"fyp%E3%82%B7%E3%82%9Aviral, penjamin, anxiety, relatable, foryourpage",yoogeesz,205100
2,26,original sound - VIEWS LYRICS,@aliemoisture,shehatesyoel,250100
5,0,original sound - Noel Ramos Estrella - NOEL RAMOS ESTRELLA,longervideo,iamnoel_estrella01ph,234300
5,1,original sound - jahsehedits he/him,"xxxtentacion, rip, speedcrying, forx, fyp, viral, trending",jahseh_edits05,1338
5,2,Past Lives Spongebob AI - AlfaRivalesMatal🎶,"jesus, jesuslovesyou, jesuschrist, jesusisking, jesussaves, jesusteama, jesuscristo, jesusislord, jesusiscoming, jesusismysavior, satan, spencer",ryan1930muz,392800
5,3,original sound - TTMthoughts,"fyp, foryou, wannabegangsters, tagthem, blowthisup, funny, video, viral, skit",ttmthoughts,1700000
5,4,original sound - HikariC,"@amelialov3spin3andcapyb8, pfp, draw, drawing, art, artwork, pencil",kiarta.x,20600
5,5,son original - L’ambassadeur🇬🇳🇬🇳🌍,,izzyandmarysdad6,8483
5,6,Fine mfs be using this sound - kezilee,"horror, scary, cementerio, graveyard, scarytok, horror, creepy, fyp",terror_shrine,267600
5,7,sonido original - 👑𖣂ӾӾӾ₮Ɇ₦₮₳₮łØ₦_.onfroy17𖣂🌏,"paratii, xxxtentaci%C3%B3n%F0%9F%98%AD%F0%9F%92%94, editxxxtentaci%C3%B3n%F0%9F%A5%BA%F0%9F%A5%B9%F0%9F%98%94%F0%9F%98%A5%F0%9F%98%AD%F0%9F%92%94%F0%9F%96%A4%F0%9F%A5%80, xxxtentacion_onfroy17, xxxtentaci%C3%B3n%F0%9F%92%94%F0%9F%96%A4%F0%9F%A5%80, xxxtentaci%C3%B3n%F0%9F%91%91%E2%9D%A4%EF%B8%8F, @x17_onfroy, @freddy_onfroy17, @fans_de_jahseh, @claudia_onfroy20, @llary_onfroyx",xxxtentacion._.onfroy17,4814
5,8,nhạc nền - zuweo,,zuweo,106100
5,9,original sound - Humorharbor,"lilrt, lilrtmusic, lilrt60miles, 60miles, adonis, drake, rap, raptok, raptokmoment, crazy, trap, trapper, kaicenat, kaicenatclips, kaicenattv, lil50, kids, kidsoftiktok, kidstiktok, childrens, funny, funnyvideos, lol, fyp, foryou, foryoupage, viral, viralvideo, blowthisup, blowthisupforme, lilrt%F0%9F%94%A5, lilrt6omiles",rapharbor,9469
5,10,sonido original - emrefelxiones4,"history, historias, reflexion, viral",emrefelxiones4,68200
5,11,original sound - NLE choppa 💜,,nlechoppamusic,238500
5,12,original sound - 𝕽𝖆𝖕,"@fbcounty, %E1%B8%8D%C4%81kinee, %E3%83%80%E3%83%BC%E3%82%AD%E3%83%8B%E3%83%BC, eazye, fbcounty, cwalk, %E6%A8%AA%E6%B5%9C, yokohama, pfy, pfy%E3%82%B7",dakinee_official,33100
5,13,MR. TAKE YA B*TCH (FEAT. CHRISEANROCK) - Lil Mabu & CHRISEAN ROCK,"fyp%E3%82%B7%E3%82%9Aviral, relatable, 4upage, relatablecontent, viral, foryoupage, relatabletiktoks, fyp%E3%82%B7, chriseanrock, lilmabu, chriseanandmabu, chriseanrockbabyy",relatablecontent437,67500
5,14,son original - NODDI,"nottiosama, forever14, explore, viral, e4n, quality, edit",noddi_edits,29000
5,15,snowfall - Øneheart & reidenshi,"poorkitten, poorcat, amen, god, jesus, jesuslovesyou, catvideo, viral, foryou",alinehn198,94200
5,16,"An der schönen, blauen Donau, Op. 314 - RIAS-Symphonie-Orchester & Ferenc Fricsay","ghost, ghostzombie, warzone, callofduty, codclips, callofdutymobile, simonriley, fyp, _spider1999, warzoneclips, warzone2, modernwarfare3",_ghost_riley141,232000
5,17,original sound - riz,"fyp, highquality, edit, certiriz, trending, genius, geniusinterview",certi.riz,310100
5,18,original sound - 🔱 Military Minds 🔱,"challenge, strength, gym, bodybuilding, workout, gymtok, usa, fyp, viral",militaryminds74,113900
5,19,original sound - ☆,"6khhx_, kayflock, kayflockedit, editing, views, fyp, blowthisup, foryou, %F0%9F%95%BA%F0%9F%8F%BE%F0%9F%95%BA%F0%9F%8F%BE, dontflop, @vzyo.ae",6khhx_,106100
5,20,original sound - LLOYISO,"sama28, viral, viraltiktok, fyp%E3%82%B7%E3%82%9Aviral, viralvideo, tiktoknews, viral, tiktoker, rizzler, rizzgod, rizz",i_got_the_rizzh,25500
5,21,original sound - cora,,usersugardaddybigsiur,922000
5,22,My Shit - A Boogie Wit da Hoodie,"fyp, viral, aboogie, rapper, trending, freestyle, lyrics",drxpaz,175500
5,23,bless. - suritasarapist69,"fyp, kayflock, kayflocka, freekayflock, nydrill, bronxdrill, loveormoney",insouline__,44000
5,24,dawn chorus - ❀,"powerfulquotes, motivational, inspirationalquotes, positivityquotes, viral, fyp, funnymike",hustledrivenmind,9150
5,25,Untitled #13 (Super Slowed) - glwzbll,"mortalkombat1fatalities, mortalkombat1, mortalkombat1fatalities, foryou, foryoupage, fyp, gamingontiktok",jafferyh,20100
5,26,original sound - The face of the Harlem 🤍🕊️,"shadowbanned, ddosama%F0%9F%98%8D, newvideo, fyp%E3%82%B7%E3%82%9Aviral, @tiktok",ddot_dde4n_1417,73300
5,27,son original - emo_wow😈,"sw2, streetzwar2, streetzwar2, harlemspartansw2, roblox, robloxhoodgamecontent, robloxhoodgame",emo_wow,8111
